Workbook

Sheet CO-Attainment flow
E4: IA | G4: QUIZ | I4: ASSIGNMENT
F7: CIE | I7: SEE | K7: CES
G8: 0.6 | I8: 0.4
F10: DIRECT CO-ATTAINMENT | J10: IN-DIRECT CO-ATTAINMENT
H12: 0.9 | J12: 0.1
H14: FINAL CO-ATTAINMENT

Sheet CO-PO Mapping
C1: PYTHON PROGRAMMING | D1: 2021-22 Batch
C2: Year | D2: 2024
C3: Sem | D3: VI
B4: COs | C4: CO-PO MAPPING | D4: Target set in % | E4: PO1 | F4: PO2 | G4: PO3 | H4: PO4 | I4: PO5 | J4: PO6 | K4: PO7 | L4: PO8 | M4: PO9 | N4: PO10 | O4: PO11 | P4: PSO1 | Q4: PSO2 | R4: PSO3 | S4: Average
B5: CO1 | C5: Apply the fundamental Python syntax and semantics to solve simple computational problems and interpret the concepts programming in Python. | D5: 0.8 | E5: 3 | S5: =SUM(E5:R5)/5 -> 0.6
B6: CO2 | C6: Analyze the given Python program and debug for syntax and logical errors. | D6: 0.8 | F6: 3 | H6: 2 | S6: =SUM(E6:R6)/5 -> 1
B7: CO3 | C7: Develop programs to solve variety of problem statements by implementing appropriate logic and programming techniques. | D7: 0.8 | G7: 3 | H7: 2 | S7: =SUM(E7:R7)/5 -> 1
B8: CO4 | C8: Adapt good software engineering practices and demonstrate programming skills to develop an application. | D8: 0.8 | H8: 2 | I8: 2 | M8: 1 | N8: 1 | Q8: 1 | R8: 1 | S8: =SUM(E8:R8)/5 -> 1.6

Sheet CIE+SEE
A1: SEM | B1: VI | C1: EVEN Sem
A2: SUB | B2: PYTHON PROGRAMMING
A3: Batch | B3: 2021-22 Batch
A4: Year | B4: 2024 | D4: INTERNAL ASSESMENT-1 | U4: INTERNAL ASSESSMENT - 2 | AH4: INTERNAL ASSESSMENT - 3
B5: Question no. | C5: Q1 | E5: Q2 | G5: Q3 | I5: Q4 | K5: Q5 | M5: Q6 | O5: Q7 | Q5: Q8 | S5: TOT | T5: Q1 | V5: Q2 | X5: Q3 | Z5: Q4 | AB5: Q5 | AC5: Q6 | AD5: Q7 | AE5: Q8 | AF5: TOT | AG5: Q1 | AI5: Q2 | AK5: Q3 | AM5: Q4 | AO5: Q5 | AQ5: Q6 | AS5: Q7 | AU5: Q8 | AV5: TOT | AW5: TEST | AX5: AAT (ASSGN) | AY5: FINAL | AZ5: SEE
B6: CO's | C6: 1 | D6: 2 | E6: 1 | F6: 2 | G6: 2 | H6: 3 | I6: 2 | J6: 3 | K6: 2 | L6: 3 | M6: 2 | N6: 3 | O6: 1 | P6: 3 | Q6: 1 | R6: 3 | T6: 1 | U6: 2 | V6: 1 | W6: 2 | X6: 2 | Y6: 3 | Z6: 2 | AA6: 3 | AB6: 2,3 | AC6: 2,3 | AD6: 1,3 | AE6: 1,3 | AG6: 2 | AH6: 3 | AI6: 3 | AJ6: 3 | AK6: 3 | AL6: 3 | AM6: 3 | AN6: 3 | AO6: 2 | AP6: 2 | AQ6: 3 | AR6: 3 | AS6: 2 | AT6: 2 | AU6: 4 | AX6: CO 1 2 3 4 | AZ6: 1 2 3 4
B7: Maximum Marks | C7: 6 | D7: 4 | E7: 5 | F7: 5 | G7: 6 | H7: 4 | I7: 4 | J7: 6 | K7: 5 | L7: 5 | M7: 5 | N7: 5 | O7: 4 | P7: 6 | Q7: 4 | R7: 6 | S7: =SUM(C7:R7) -> 80 | T7: 5 | U7: 5 | V7: 5 | W7: 5 | X7: 5 | Y7: 5 | Z7: 5 | AA7: 5 | AB7: 10 | AC7: 10 | AD7: 10 | AE7: 10 | AF7: =SUM(T7:AE7) -> 80 | AG7: 4 | AH7: 6 | AI7: 5 | AJ7: 5 | AK7: 6 | AL7: 4 | AM7: 5 | AN7: 5 | AO7: 5 | AP7: 5 | AQ7: 5 | AR7: 5 | AS7: 5 | AT7: 5 | AU7: 10 | AV7: =SUM(AG7:AU7) -> 80 | AW7: 30 | AX7: 20 | AY7: 50 | AZ7: 100
B8: CIE Target >=60%of the max marks | C8: =0.6*C7 -> 3.6 | D8: =0.6*D7 -> 2.4 | E8: =0.6*E7 -> 3 | F8: =0.6*F7 -> 3 | G8: =0.6*G7 -> 3.6 | H8: =0.6*H7 -> 2.4 | I8: =0.6*I7 -> 2.4 | J8: =0.6*J7 -> 3.6 | ... AZ8: =0.6*AZ7 -> 60
A9: Sl.No | B9: USN
A10: 1 | B10: 1DS21ET001 | C10: 3 | D10: 4 | F10: 5 | G10: 5 | H10: 4 | K10: 4 | L10: 4 | Q10: 4 | S10: =SUM(C10:R10) -> 33 | AF10: =SUM(T10:AE10) -> 0 | AG10: 4 | AH10: 5 | AI10: 5 | AJ10: 4 | AK10: 4 | AL10: 4 | AQ10: 1 | AR10: 1 | AS10: 2 | AT10: 2 | AV10: =SUM(AG10:AU10) -> 32 | AW10: 13 | AX10: 15 | AY10: 35 | AZ10: 57
A11: 2 | B11: 1DS21ET002 | C11: 4 | D11: 4 | E11: 5 | F11: 5 | G11: 4 | H11: 4 | K11: 4 | L11: 4 | O11: 2 | P11: 6 | S11: =SUM(C11:R11) -> 42 | T11: 6 | U11: 2 | W11: 2 | X11: 4 | Y11: 2 | AC11: 9 | AE11: 1 | AF11: =SUM(T11:AE11) -> 26 | AG11: 3 | AH11: 2 | AI11: 1 | AJ11: 1 | AK11: 2 | AL11: 1 | AV11: =SUM(AG11:AU11) -> 10 | AW11: 16 | AX11: 15 | AY11: 37 | AZ11: 55
A12: 3 | B12: 1DS21ET003 | C12: 5 | D12: 4 | E12: 3 | F12: 5 | G12: 6 | H12: 4 | K12: 4 | L12: 4 | O12: 3 | P12: 5 | S12: =SUM(C12:R12) -> 43 | T12: 5 | U12: 2 | V12: 5 | W12: 1 | X12: 2 | Y12: 2 | AB12: 4 | AE12: 6 | AF12: =SUM(T12:AE12) -> 27 | AG12: 4 | AH12: 3 | AI12: 3 | AJ12: 2 | AK12: 3 | AL12: 4 | AO12: 2 | AP12: 3 | AS12: 2 | AT12: 2 | AV12: =SUM(AG12:AU12) -> 28 | AW12: 20 | AX12: 14 | AY12: 39 | AZ12: 70
A13: 4 | B13: 1DS21ET004 | C13: 6 | D13: 4 | E13: 2 | F13: 5 | G13: 5 | H13: 3 | K13: 4 | L13: 5 | O13: 2 | P13: 5 | S13: =SUM(C13:R13) -> 41 | T13: 6 | U13: 1 | Y13: 2 | AE13: 10 | AF13: =SUM(T13:AE13) -> 19 | AG13: 3 | AH13: 1 | AI13: 3 | AJ13: 4 | AM13: 4 | AN13: 2 | AO13: 4 | AP13: 4 | AV13: =SUM(AG13:AU13) -> 25 | AW13: 17 | AX13: 16 | AY13: 33 | AZ13: 58
A14: 5 | B14: 1DS21ET005 | C14: 5 | D14: 4 | E14: 3 | F14: 5 | I14: 4 | J14: 6 | K14: 5 | L14: 4 | O14: 2 | P14: 1 | S14: =SUM(C14:R14) -> 39 | T14: 5 | U14: 1 | V14: 1 | W14: 2 | X14: 2 | Y14: 2 | AB14: 5 | AD14: 1 | AF14: =SUM(T14:AE14) -> 19 | AH14: 5 | AI14: 3 | AJ14: 1 | AK14: 2 | AL14: 2 | AM14: 1 | AS14: 2 | AT14: 1 | AV14: =SUM(AG14:AU14) -> 17 | AW14: 15 | AX14: 15 | AY14: 26 | AZ14: 56
A15: 6 | B15: 1DS21ET006 | C15: 6 | D15: 4 | E15: 3 | F15: 5 | I15: 4 | J15: 5 | K15: 5 | L15: 5 | Q15: 4 | R15: 6 | S15: =SUM(C15:R15) -> 47 | T15: 6 | U15: 1 | Z15: 1 | AA15: 2 | AC15: 8 | AD15: 9 | AF15: =SUM(T15:AE15) -> 27 | AG15: 4 | AH15: 4 | AI15: 3 | AJ15: 4 | AK15: 2 | AL15: 4 | AO15: 4 | AP15: 4 | AU15: 4 | AV15: =SUM(AG15:AU15) -> 33 | AW15: 22 | AX15: 13 | AY15: 29 | AZ15: 68
A16: 7 | B16: 1DS21ET007 | C16: 5 | D16: 4 | F16: 3 | G16: 5 | H16: 4 | L16: 2 | O16: 2 | P16: 2 | S16: =SUM(C16:R16) -> 27 | T16: 2 | Y16: 1 | AC16: 3 | AF16: =SUM(T16:AE16) -> 6 | AG16: 2 | AI16: 3 | AJ16: 1 | AP16: 2 | AV16: =SUM(AG16:AU16) -> 8 | AW16: 9 | AX16: 14 | AY16: 26 | AZ16: 46
A17: 8 | B17: 1DS21ET008 | C17: 4 | D17: 4 | E17: 1 | F17: 5 | G17: 6 | H17: 4 | K17: 4 | L17: 5 | O17: 3 | P17: 2 | S17: =SUM(C17:R17) -> 38 | T17: 5 | Y17: 1 | AC17: 6 | AF17: =SUM(T17:AE17) -> 12 | AG17: 2 | AH17: 3 | AI17: 5 | AJ17: 3 | AK17: 2 | AL17: 4 | AO17: 1 | AP17: 4 | AV17: =SUM(AG17:AU17) -> 24 | AW17: 15 | AX17: 16 | AY17: 30 | AZ17: 61
A18: 9 | B18: 1DS21ET009 | C18: 5 | D18: 4 | F18: 5 | G18: 4 | H18: 4 | K18: 4 | R18: 5 | S18: =SUM(C18:R18) -> 31 | T18: 4 | U18: 1 | W18: 2 | Y18: 4 | AC18: 8 | AD18: 4 | AF18: =SUM(T18:AE18) -> 23 | AG18: 2 | AH18: 1 | AJ18: 3 | AK18: 3 | AU18: 2 | AV18: =SUM(AG18:AU18) -> 11 | AW18: 13 | AX18: 16 | AY18: 35 | AZ18: 60
A19: 10 | B19: 1DS21ET011 | C19: 4 | D19: 4 | E19: 1 | F19: 5 | G19: 3 | H19: 6 | K19: 5 | L19: 5 | O19: 4 | P19: 6 | S19: =SUM(C19:R19) -> 43 | T19: 5 | Z19: 2 | AA19: 2 | AC19: 2 | AD19: 2 | AF19: =SUM(T19:AE19) -> 13 | AG19: 3 | AH19: 5 | AI19: 3 | AJ19: 4 | AK19: 4 | AL19: 1 | AQ19: 2 | AR19: 2 | AU19: 8 | AV19: =SUM(AG19:AU19) -> 32 | AW19: 18 | AX19: 12 | AY19: 38 | AZ19: 60
A20: 11 | B20: 1DS21ET012 | C20: 4 | D20: 4 | F20: 4 | G20: 6 | H20: 4 | L20: 5 | O20: 2 | P20: 5 | S20: =SUM(C20:R20) -> 34 | T20: 5 | U20: 2 | V20: 4 | X20: 4 | Y20: 2 | AD20: 8 | AF20: =SUM(T20:AE20) -> 25 | AG20: 4 | AH20: 5 | AI20: 3 | AK20: 3 | AL20: 2 | AO20: 3 | AP20: 3 | AS20: 2 | AT20: 2 | AV20: =SUM(AG20:AU20) -> 27 | AW20: 18 | AX20: 15 | AY20: 37 | AZ20: 60
A21: 12 | B21: 1DS21ET013 | C21: 5 | D21: 4 | E21: 1 | F21: 5 | G21: 6 | H21: 4 | K21: 5 | L21: 5 | O21: 2 | P21: 5 | S21: =SUM(C21:R21) -> 42 | T21: 6 | U21: 1 | V21: 2 | Z21: 2 | AC21: 5 | AE21: 1 | AF21: =SUM(T21:AE21) -> 17 | AG21: 3 | AH21: 3 | AI21: 3 | AJ21: 3 | AK21: 2 | AL21: 2 | AV21: =SUM(AG21:AU21) -> 16 | AW21: 16 | AX21: 15 | AY21: 28 | AZ21: 64
A22: 13 | B22: 1DS21ET015 | C22: 4 | D22: 4 | F22: 5 | H22: 4 | K22: 4 | L22: 1 | O22: 4 | P22: 2 | S22: =SUM(C22:R22) -> 28 | T22: 6 | U22: 2 | W22: 3 | Y22: 2 | AC22: 6 | AF22: =SUM(T22:AE22) -> 19 | AG22: 2 | AH22: 5 | AI22: 3 | AJ22: 4 | AK22: 3 | AL22: 2 | AV22: =SUM(AG22:AU22) -> 19 | AW22: 15 | AX22: 14 | AY22: 33 | AZ22: 50
A23: 14 | B23: 1DS21ET016 | C23: 5 | D23: 4 | E23: 1 | F23: 5 | G23: 6 | H23: 4 | K23: 5 | L23: 5 | O23: 4 | P23: 6 | S23: =SUM(C23:R23) -> 45 | T23: 6 | U23: 3 | V23: 6 | W23: 2 | X23: 4 | Y23: 5 | AC23: 9 | AE23: 9 | AF23: =SUM(T23:AE23) -> 44 | AG23: 4 | AH23: 5 | AI23: 5 | AJ23: 4 | AN23: 4 | AO23: 2 | AP23: 2 | AU23: 8 | AV23: =SUM(AG23:AU23) -> 34 | AW23: 25 | AX23: 11 | AY23: 40 | AZ23: 72
A24: 15 | B24: 1DS21ET017 | C24: 4 | D24: 4 | E24: 5 | F24: 5 | G24: 6 | H24: 4 | K24: 4 | L24: 5 | Q24: 1 | R24: 4 | S24: =SUM(C24:R24) -> 42 | T24: 6 | U24: 1 | W24: 2 | X24: 3 | AC24: 7 | AE24: 1 | AF24: =SUM(T24:AE24) -> 20 | AG24: 2 | AH24: 2 | AI24: 3 | AJ24: 3 | AK24: 2 | AL24: 2 | AU24: 5 | AV24: =SUM(AG24:AU24) -> 19 | AW24: 17 | AX24: 14 | AY24: 42 | AZ24: 59
A25: 16 | B25: 1DS21ET018 | C25: 2 | D25: 4 | E25: 1 | F25: 5 | G25: 6 | H25: 4 | K25: 4 | L25: 1 | O25: 4 | P25: 6 | S25: =SUM(C25:R25) -> 37 | T25: 6 | U25: 2 | W25: 2 | X25: 4 | Y25: 2 | AC25: 9 | AF25: =SUM(T25:AE25) -> 25 | AG25: 3 | AH25: 3 | AI25: 2 | AK25: 1 | AL25: 2 | AS25: 1 | AT25: 1 | AV25: =SUM(AG25:AU25) -> 13 | AW25: 15 | AX25: 16 | AY25: 38 | AZ25: 52
A26: 17 | B26: 1DS21ET019 | C26: 5 | D26: 4 | E26: 3 | F26: 5 | G26: 6 | H26: 4 | K26: 5 | L26: 5 | O26: 2 | P26: 6 | S26: =SUM(C26:R26) -> 45 | T26: 5 | U26: 2 | V26: 2 | X26: 2 | Y26: 1 | AC26: 4 | AE26: 1 | AF26: =SUM(T26:AE26) -> 17 | AG26: 2 | AH26: 4 | AI26: 3 | AJ26: 3 | AK26: 4 | AL26: 3 | AO26: 4 | AP26: 3 | AU26: 2 | AV26: =SUM(AG26:AU26) -> 28 | AW26: 18 | AX26: 14 | AY26: 35 | AZ26: 59
A27: 18 | B27: 1DS21ET020 | C27: 5 | D27: 4 | E27: 3 | F27: 5 | I27: 4 | J27: 6 | K27: 4 | L27: 5 | O27: 4 | P27: 6 | S27: =SUM(C27:R27) -> 46 | T27: 6 | U27: 3 | V27: 5 | W27: 1 | X27: 4 | Y27: 2 | AC27: 6 | AE27: 9 | AF27: =SUM(T27:AE27) -> 36 | AG27: 4 | AH27: 3 | AI27: 5 | AJ27: 4 | AK27: 2 | AL27: 3 | AO27: 1 | AP27: 4 | AS27: 2 | AT27: 2 | AV27: =SUM(AG27:AU27) -> 30 | AW27: 23 | AX27: 14 | AY27: 40 | AZ27: 65
A28: 19 | B28: 1DS21ET021 | C28: 5 | D28: 4 | F28: 5 | G28: 6 | H28: 4 | M28: 4 | N28: 4 | O28: 4 | P28: 6 | S28: =SUM(C28:R28) -> 42 | T28: 6 | U28: 2 | V28: 1 | W28: 3 | X28: 4 | Y28: 5 | AC28: 8 | AD28: 6 | AF28: =SUM(T28:AE28) -> 35 | AG28: 2 | AH28: 2 | AI28: 3 | AJ28: 4 | AK28: 4 | AL28: 3 | AP28: 4 | AS28: 2 | AT28: 1 | AV28: =SUM(AG28:AU28) -> 25 | AW28: 21 | AX28: 20 | AY28: 40 | AZ28: 75
A29: 20 | B29: 1DS21ET022 | C29: 5 | D29: 4 | F29: 5 | G29: 6 | H29: 4 | K29: 2 | O29: 4 | P29: 2 | S29: =SUM(C29:R29) -> 32 | T29: 1 | Y29: 4 | AA29: 2 | AB29: 8 | AD29: 5 | AF29: =SUM(T29:AE29) -> 20 | AG29: 4 | AH29: 4 | AI29: 5 | AJ29: 4 | AN29: 1 | AO29: 4 | AU29: 8 | AV29: =SUM(AG29:AU29) -> 30 | AW29: 16 | AX29: 13 | AY29: 35 | AZ29: 53
A30: 21 | B30: 1DS21ET023 | C30: 3 | D30: 4 | E30: 1 | F30: 5 | G30: 6 | H30: 4 | K30: 4 | L30: 4 | R30: 5 | S30: =SUM(C30:R30) -> 36 | T30: 6 | V30: 2 | W30: 2 | X30: 1 | Y30: 2 | AC30: 4 | AE30: 2 | AF30: =SUM(T30:AE30) -> 19 | AG30: 1 | AH30: 1 | AJ30: 1 | AV30: =SUM(AG30:AU30) -> 3 | AW30: 12 | AX30: 14 | AY30: 37 | AZ30: 40
A31: 22 | B31: 1DS21ET024 | C31: 5 | D31: 4 | F31: 5 | I31: 3 | J31: 6 | K31: 1 | L31: 2 | Q31: 1 | S31: =SUM(C31:R31) -> 27 | T31: 2 | AB31: 1 | AD31: 2 | AF31: =SUM(T31:AE31) -> 5 | AI31: 3 | AO31: 1 | AU31: 5 | AV31: =SUM(AG31:AU31) -> 9 | AW31: 9 | AX31: 19 | AY31: 31 | AZ31: 41
A32: 23 | B32: 1DS21ET025 | C32: 6 | D32: 4 | E32: 2 | F32: 5 | I32: 4 | J32: 6 | K32: 2 | L32: 5 | O32: 3 | P32: 6 | S32: =SUM(C32:R32) -> 43 | T32: 5 | U32: 1 | Z32: 1 | AC32: 4 | AD32: 2 | AF32: =SUM(T32:AE32) -> 13 | AG32: 4 | AH32: 2 | AI32: 3 | AJ32: 4 | AK32: 4 | AL32: 3 | AQ32: 4 | AU32: 5 | AV32: =SUM(AG32:AU32) -> 29 | AW32: 17 | AX32: 13 | AY32: 31 | AZ32: 54
A33: 24 | B33: 1DS21ET028 | C33: 3 | D33: 4 | E33: 1 | F33: 5 | G33: 6 | H33: 4 | K33: 5 | L33: 5 | P33: 6 | S33: =SUM(C33:R33) -> 39 | T33: 5 | Z33: 2 | AC33: 4 | AE33: 1 | AF33: =SUM(T33:AE33) -> 12 | AG33: 4 | AH33: 4 | AI33: 1 | AJ33: 4 | AK33: 2 | AL33: 4 | AV33: =SUM(AG33:AU33) -> 19 | AW33: 14 | AX33: 15 | AY33: 33 | AZ33: 42
A34: 25 | B34: 1DS21ET029 | C34: 4 | D34: 4 | F34: 5 | I34: 4 | J34: 4 | K34: 4 | L34: 1 | O34: 2 | P34: 2 | S34: =SUM(C34:R34) -> 30 | T34: 4 | U34: 1 | V34: 2 | W34: 1 | X34: 4 | Y34: 2 | AC34: 6 | AE34: 5 | AF34: =SUM(T34:AE34) -> 25 | AG34: 3 | AH34: 5 | AI34: 4 | AJ34: 3 | AK34: 4 | AL34: 3 | AS34: 4 | AT34: 1 | AV34: =SUM(AG34:AU34) -> 27 | AW34: 17 | AX34: 15 | AY34: 40 | AZ34: 58
A35: 26 | B35: 1DS21ET030 | C35: 6 | D35: 4 | E35: 1 | F35: 5 | G35: 4 | H35: 4 | K35: 4 | L35: 5 | Q35: 3 | R35: 6 | S35: =SUM(C35:R35) -> 42 | T35: 5 | V35: 3 | W35: 2 | X35: 4 | Y35: 2 | AC35: 9 | AE35: 10 | AF35: =SUM(T35:AE35) -> 35 | AG35: 2 | AH35: 3 | AI35: 3 | AJ35: 2 | AK35: 1 | AL35: 2 | AN35: 1 | AU35: 2 | AV35: =SUM(AG35:AU35) -> 16 | AW35: 19 | AX35: 15 | AY35: 38 | AZ35: 51
A36: 27 | B36: 1DS21ET031 | C36: 6 | D36: 4 | E36: 1 | F36: 5 | G36: 6 | H36: 4 | K36: 5 | L36: 5 | O36: 4 | P36: 6 | S36: =SUM(C36:R36) -> 46 | T36: 6 | U36: 4 | V36: 6 | W36: 2 | X36: 4 | Y36: 2 | AC36: 10 | AE36: 10 | AF36: =SUM(T36:AE36) -> 44 | AG36: 3 | AH36: 6 | AI36: 3 | AK36: 5 | AL36: 3 | AP36: 2 | AU36: 8 | AV36: =SUM(AG36:AU36) -> 30 | AW36: 24 | AX36: 19 | AY36: 34 | AZ36: 71
A37: 28 | B37: 1DS21ET032 | S37: =SUM(C37:R37) -> 0 | AF37: =SUM(T37:AE37) -> 0 | AI37: 3 | AN37: 2 | AR37: 1 | AV37: =SUM(AG37:AU37) -> 6 | AW37: 2 | AX37: 14 | AY37: 22 | AZ37: 0
A38: 29 | B38: 1DS21ET033 | C38: 5 | D38: 4 | E38: 1 | F38: 5 | G38: 6 | H38: 4 | K38: 4 | L38: 5 | Q38: 3 | R38: 3 | S38: =SUM(C38:R38) -> 40 | T38: 6 | U38: 1 | V38: 1 | X38: 6 | Y38: 2 | AC38: 8 | AE38: 2 | AF38: =SUM(T38:AE38) -> 26 | AG38: 3 | AH38: 5 | AI38: 3 | AJ38: 4 | AK38: 2 | AL38: 4 | AS38: 2 | AT38: 1 | AV38: =SUM(AG38:AU38) -> 24 | AW38: 18 | AX38: 16 | AY38: 37 | AZ38: 48
A39: 30 | B39: 1DS21ET034 | C39: 5 | D39: 4 | F39: 5 | G39: 6 | H39: 4 | K39: 5 | L39: 4 | O39: 4 | P39: 6 | S39: =SUM(C39:R39) -> 43 | T39: 6 | U39: 4 | V39: 6 | W39: 2 | X39: 5 | Y39: 4 | AB39: 10 | AD39: 6 | AF39: =SUM(T39:AE39) -> 43 | AI39: 1 | AM39: 4 | AN39: 1 | AO39: 1 | AS39: 5 | AT39: 4 | AV39: =SUM(AG39:AU39) -> 16 | AW39: 21 | AX39: 19 | AY39: 37 | AZ39: 73
A40: 31 | B40: 1DS21ET035 | C40: 5 | D40: 4 | F40: 5 | I40: 3 | J40: 6 | K40: 4 | L40: 2 | O40: 2 | P40: 5 | S40: =SUM(C40:R40) -> 36 | U40: 2 | V40: 4 | AA40: 4 | AC40: 8 | AF40: =SUM(T40:AE40) -> 18 | AG40: 5 | AH40: 4 | AI40: 2 | AO40: 4 | AS40: 5 | AT40: 4 | AV40: =SUM(AG40:AU40) -> 24 | AW40: 16 | AX40: 17 | AY40: 29 | AZ40: 54
A41: 32 | B41: 1DS21ET036 | C41: 4 | D41: 4 | E41: 3 | F41: 4 | G41: 6 | H41: 4 | K41: 5 | L41: 5 | O41: 4 | P41: 6 | S41: =SUM(C41:R41) -> 45 | T41: 6 | U41: 2 | V41: 5 | W41: 1 | X41: 5 | Y41: 4 | AC41: 8 | AE41: 10 | AF41: =SUM(T41:AE41) -> 41 | AG41: 4 | AH41: 5 | AI41: 5 | AJ41: 4 | AO41: 4 | AP41: 4 | AQ41: 5 | AR41: 4 | AS41: 4 | AV41: =SUM(AG41:AU41) -> 39 | AW41: 25 | AX41: 20 | AY41: 42 | AZ41: 77
A42: 33 | B42: 1DS21ET037 | C42: 6 | D42: 4 | E42: 2 | F42: 4 | G42: 5 | H42: 3 | K42: 5 | L42: 5 | O42: 4 | P42: 5 | S42: =SUM(C42:R42) -> 43 | T42: 6 | U42: 2 | V42: 6 | W42: 2 | X42: 5 | Y42: 2 | AC42: 4 | AE42: 5 | AF42: =SUM(T42:AE42) -> 32 | AG42: 4 | AH42: 2 | AI42: 5 | AJ42: 5 | AK42: 5 | AL42: 4 | AO42: 5 | AP42: 4 | AU42: 9 | AV42: =SUM(AG42:AU42) -> 43 | AW42: 25 | AX42: 14 | AY42: 47 | AZ42: 76
A43: 34 | B43: 1DS21ET038 | C43: 6 | D43: 4 | E43: 4 | F43: 5 | G43: 6 | H43: 4 | K43: 5 | L43: 4 | O43: 4 | P43: 4 | S43: =SUM(C43:R43) -> 46 | T43: 5 | U43: 2 | V43: 6 | W43: 3 | X43: 4 | Y43: 5 | AC43: 6 | AE43: 8 | AF43: =SUM(T43:AE43) -> 39 | AG43: 4 | AH43: 5 | AI43: 4 | AM43: 2 | AN43: 4 | AO43: 1 | AP43: 3 | AU43: 5 | AV43: =SUM(AG43:AU43) -> 28 | AW43: 23 | AX43: 16 | AY43: 46 | AZ43: 76
A44: 35 | B44: 1DS21ET039 | C44: 6 | D44: 4 | E44: 1 | F44: 5 | G44: 6 | H44: 4 | K44: 1 | L44: 5 | O44: 3 | P44: 6 | S44: =SUM(C44:R44) -> 41 | T44: 5 | U44: 1 | X44: 5 | Y44: 2 | AC44: 8 | AE44: 6 | AF44: =SUM(T44:AE44) -> 27 | AG44: 3 | AH44: 5 | AI44: 3 | AJ44: 5 | AL44: 5 | AV44: =SUM(AG44:AU44) -> 21 | AW44: 18 | AX44: 15 | AY44: 35 | AZ44: 53
A45: 36 | B45: 1DS21ET040 | C45: 4 | D45: 4 | E45: 2 | F45: 5 | G45: 6 | H45: 4 | K45: 2 | L45: 1 | O45: 4 | P45: 2 | S45: =SUM(C45:R45) -> 34 | T45: 6 | U45: 4 | V45: 4 | W45: 1 | X45: 1 | Y45: 5 | AC45: 2 | AE45: 10 | AF45: =SUM(T45:AE45) -> 33 | AG45: 2 | AH45: 2 | AI45: 4 | AJ45: 1 | AO45: 2 | AP45: 2 | AS45: 2 | AV45: =SUM(AG45:AU45) -> 15 | AW45: 17 | AX45: 15 | AY45: 40 | AZ45: 62
A46: 37 | B46: 1DS21ET042 | C46: 3 | D46: 4 | E46: 1 | F46: 5 | G46: 3 | H46: 4 | K46: 5 | L46: 5 | O46: 4 | P46: 6 | S46: =SUM(C46:R46) -> 40 | T46: 4 | V46: 5 | W46: 1 | X46: 4 | Y46: 4 | AB46: 8 | AE46: 10 | AF46: =SUM(T46:AE46) -> 36 | AG46: 4 | AH46: 6 | AI46: 3 | AJ46: 5 | AK46: 3 | AL46: 6 | AU46: 9 | AV46: =SUM(AG46:AU46) -> 36 | AW46: 23 | AX46: 14 | AY46: 33 | AZ46: 57
A47: 38 | B47: 1DS21ET043 | C47: 3 | D47: 4 | E47: 1 | F47: 5 | G47: 6 | H47: 4 | K47: 3 | L47: 4 | O47: 4 | P47: 1 | S47: =SUM(C47:R47) -> 35 | T47: 6 | U47: 2 | V47: 6 | W47: 2 | X47: 5 | Y47: 5 | AC47: 8 | AE47: 10 | AF47: =SUM(T47:AE47) -> 44 | AG47: 4 | AH47: 2 | AI47: 1 | AJ47: 2 | AK47: 2 | AL47: 4 | AQ47: 3 | AR47: 1 | AS47: 4 | AT47: 5 | AV47: =SUM(AG47:AU47) -> 28 | AW47: 22 | AX47: 15 | AY47: 41 | AZ47: 74
A48: 39 | B48: 1DS21ET044 | C48: 5 | D48: 4 | E48: 1 | F48: 5 | I48: 4 | J48: 1 | K48: 4 | L48: 4 | R48: 5 | S48: =SUM(C48:R48) -> 33 | T48: 6 | V48: 5 | X48: 5 | AC48: 8 | AE48: 5 | AF48: =SUM(T48:AE48) -> 29 | AG48: 4 | AH48: 6 | AI48: 4 | AJ48: 5 | AK48: 1 | AL48: 4 | AQ48: 1 | AU48: 8 | AV48: =SUM(AG48:AU48) -> 33 | AW48: 19 | AX48: 16 | AY48: 34 | AZ48: 65
A49: 40 | B49: 1DS21ET046 | C49: 2 | D49: 4 | F49: 5 | G49: 2 | K49: 1 | L49: 4 | O49: 2 | P49: 5 | S49: =SUM(C49:R49) -> 25 | AF49: =SUM(T49:AE49) -> 0 | AG49: 1 | AI49: 2 | AM49: 1 | AN49: 2 | AU49: 2 | AV49: =SUM(AG49:AU49) -> 8 | AW49: 7 | AX49: 16 | AY49: 26 | AZ49: 46
A50: 41 | B50: 1DS21ET048 | C50: 1 | D50: 1 | F50: 1 | G50: 4 | H50: 4 | S50: =SUM(C50:R50) -> 11 | T50: 2 | V50: 4 | Y50: 1 | AC50: 8 | AE50: 8 | AF50: =SUM(T50:AE50) -> 23 | AG50: 3 | AH50: 1 | AI50: 1 | AN50: 1 | AS50: 1 | AV50: =SUM(AG50:AU50) -> 7 | AW50: 9 | AX50: 11 | AY50: 32 | AZ50: 44
A51: 42 | B51: 1DS21ET050 | S51: =SUM(C51:R51) -> 0 | AF51: =SUM(T51:AE51) -> 0 | AK51: 1 | AS51: 4 | AT51: 2 | AV51: =SUM(AG51:AU51) -> 7 | AW51: 2 | AX51: 14 | AY51: 20 | AZ51: 0
A52: 43 | B52: 1DS21ET051 | C52: 4 | D52: 4 | E52: 2 | F52: 5 | G52: 6 | H52: 4 | K52: 5 | L52: 5 | Q52: 4 | R52: 4 | S52: =SUM(C52:R52) -> 43 | T52: 2 | V52: 2 | W52: 2 | Y52: 1 | AC52: 5 | AF52: =SUM(T52:AE52) -> 12 | AH52: 1 | AI52: 4 | AJ52: 4 | AM52: 4 | AN52: 5 | AP52: 2 | AS52: 5 | AT52: 5 | AV52: =SUM(AG52:AU52) -> 30 | AW52: 17 | AX52: 18 | AY52: 44 | AZ52: 58
A53: 44 | B53: 1DS21ET052 | C53: 4 | D53: 4 | F53: 4 | G53: 6 | H53: 4 | K53: 1 | L53: 1 | R53: 4 | S53: =SUM(C53:R53) -> 28 | U53: 4 | W53: 3 | X53: 2 | Y53: 3 | AD53: 8 | AF53: =SUM(T53:AE53) -> 20 | AI53: 3 | AJ53: 1 | AM53: 4 | AN53: 5 | AP53: 1 | AU53: 9 | AV53: =SUM(AG53:AU53) -> 23 | AW53: 15 | AX53: 16 | AY53: 35 | AZ53: 53
A54: 45 | B54: 1DS21ET053 | D54: 4 | F54: 5 | I54: 1 | J54: 3 | L54: 2 | O54: 3 | P54: 6 | S54: =SUM(C54:R54) -> 24 | T54: 3 | X54: 4 | Y54: 5 | AC54: 5 | AF54: =SUM(T54:AE54) -> 17 | AG54: 4 | AL54: 2 | AS54: 4 | AT54: 2 | AV54: =SUM(AG54:AU54) -> 12 | AW54: 11 | AX54: 16 | AY54: 31 | AZ54: 27
A55: 46 | B55: 1DS21ET055 | C55: 5 | D55: 4 | F55: 5 | G55: 5 | H55: 4 | K55: 3 | L55: 2 | O55: 4 | P55: 1 | S55: =SUM(C55:R55) -> 33 | T55: 4 | U55: 2 | V55: 2 | W55: 1 | X55: 2 | Y55: 3 | AC55: 1 | AF55: =SUM(T55:AE55) -> 15 | AG55: 4 | AH55: 2 | AJ55: 6 | AK55: 5 | AL55: 2 | AQ55: 2 | AR55: 2 | AS55: 2 | AT55: 2 | AV55: =SUM(AG55:AU55) -> 27 | AW55: 15 | AX55: 16 | AY55: 45 | AZ55: 63
A56: 47 | B56: 1DS22ET400 | C56: 1 | D56: 4 | F56: 5 | G56: 5 | H56: 4 | K56: 3 | L56: 5 | O56: 4 | P56: 6 | S56: =SUM(C56:R56) -> 37 | T56: 6 | V56: 6 | W56: 2 | Y56: 5 | AF56: =SUM(T56:AE56) -> 19 | AG56: 3 | AI56: 4 | AM56: 4 | AV56: =SUM(AG56:AU56) -> 11 | AW56: 14 | AX56: 16 | AY56: 32 | AZ56: 31
A57: 48 | B57: 1DS22ET404 | C57: 5 | D57: 3 | E57: 1 | G57: 3 | H57: 2 | S57: =SUM(C57:R57) -> 14 | W57: 1 | X57: 2 | AA57: 1 | AF57: =SUM(T57:AE57) -> 4 | AH57: 4 | AJ57: 2 | AK57: 3 | AN57: 1 | AO57: 1 | AV57: =SUM(AG57:AU57) -> 11 | AW57: 8 | AX57: 12 | AY57: 20 | AZ57: 16
A58: 49 | B58: 1DS22ET409 | D58: 4 | E58: 1 | F58: 5 | G58: 5 | H58: 4 | K58: 2 | L58: 4 | O58: 4 | P58: 6 | S58: =SUM(C58:R58) -> 35 | V58: 6 | Y58: 5 | AC58: 2 | AE58: 5 | AF58: =SUM(T58:AE58) -> 18 | AG58: 1 | AN58: 4 | AV58: =SUM(AG58:AU58) -> 5 | AW58: 12 | AX58: 15 | AY58: 28 | AZ58: 30
A59: 50 | B59: 1DS21ET057 | C59: 5 | D59: 4 | E59: 6 | F59: 6 | G59: 4 | K59: 4 | L59: 3 | O59: 3 | P59: 3 | T59: 6 | Z59: 1 | AA59: 1 | AB59: 2 | AD59: 10 | AG59: 4 | AH59: 6 | AI59: 4 | AL59: 6 | AU59: 10 | AX59: 16 | AZ59: 58
A60: 51 | B60: 1DS21ET059 | C60: 4 | D60: 4 | E60: 1 | F60: 6 | G60: 6 | H60: 4 | K60: 5 | L60: 5 | R60: 1 | T60: 6 | U60: 1 | V60: 6 | W60: 4 | X60: 2 | Y60: 4 | AC60: 8 | AD60: 7 | AI60: 1 | AU60: 9 | AX60: 14
A61: 52 | B61: 1DS21ET060 | C61: 2 | D61: 4 | F61: 6 | G61: 4 | H61: 4 | K61: 1 | L61: 1 | O61: 1 | P61: 2 | T61: 6 | V61: 2 | Y61: 3 | AC61: 8 | AG61: 1 | AH61: 2 | AU61: 10 | AX61: 16 | AZ61: 57
A62: 53 | B62: 1DS21ET063 | C62: 5 | D62: 4 | E62: 4 | F62: 6 | G62: 6 | H62: 4 | K62: 5 | L62: 5 | O62: 4 | P62: 6 | T62: 6 | U62: 4 | V62: 4 | W62: 3 | X62: 5 | Y62: 5 | AB62: 5 | AC62: 10 | AD62: 10 | AG62: 4 | AH62: 6 | AI62: 6 | AJ62: 4 | AM62: 4 | AP62: 4 | AS62: 1 | AX62: 15 | AZ62: 50
A63: 54 | B63: 1DS21ET064 | C63: 6 | D63: 4 | E63: 2 | F63: 6 | K63: 6 | L63: 4 | M63: 4 | N63: 6 | T63: 6 | U63: 4 | V63: 6 | W63: 4 | X63: 5 | Y63: 3 | AB63: 4 | AD63: 10 | AG63: 4 | AH63: 6 | AI63: 6 | AJ63: 4 | AK63: 6 | AL63: 4 | AP63: 2 | AU63: 10 | AX63: 16
A64: 55 | B64: 1DS21ET067 | C64: 5 | D64: 4 | E64: 2 | F64: 6 | G64: 6 | H64: 4 | K64: 6 | L64: 4 | O64: 4 | P64: 2 | T64: 6 | U64: 4 | V64: 6 | W64: 0 | Z64: 2 | AA64: 2 | AD64: 8 | AG64: 4 | AH64: 6 | AJ64: 5 | AK64: 6 | AL64: 2 | AU64: 10 | AX64: 14
A65: 56 | B65: 1DS21ET068 | C65: 5 | D65: 4 | F65: 5 | G65: 6 | H65: 3 | K65: 1 | L65: 2 | Q65: 6 | T65: 3 | U65: 2 | W65: 1 | Z65: 1 | AA65: 1 | AB65: 5 | AC65: 7 | AD65: 1 | AG65: 4 | AH65: 2 | AI65: 3 | AJ65: 4 | AX65: 14 | AZ65: 71
A66: 57 | B66: 1DS21ET070 | C66: 2 | D66: 4 | E66: 3 | F66: 4 | G66: 6 | H66: 4 | K66: 5 | L66: 5 | O66: 6 | P66: 3 | Q66: 6 | R66: 4 | T66: 6 | U66: 4 | V66: 6 | W66: 4 | X66: 3 | Y66: 5 | AC66: 10 | AE66: 8 | AG66: 4 | AH66: 6 | AI66: 6 | AJ66: 4 | AM66: 4 | AN66: 4 | AP66: 3 | AU66: 10 | AX66: 13 | AZ66: 73
A67: 58 | B67: 1DS21ET071 | C67: 5 | D67: 4 | F67: 6 | G67: 6 | H67: 4 | I67: 6 | J67: 4 | K67: 4 | L67: 3 | O67: 4 | P67: 2 | T67: 6 | U67: 4 | V67: 6 | W67: 2 | X67: 2 | Y67: 4 | AC67: 10 | AD67: 10 | AG67: 4 | AH67: 4 | AI67: 5 | AS67: 3 | AU67: 10 | AX67: 16
A68: 59 | B68: 1DS21ET073 | C68: 3 | D68: 4 | F68: 6 | H68: 4 | J68: 6 | K68: 2 | L68: 2 | O68: 2 | P68: 1 | Q68: 3 | R68: 1 | X68: 3 | Y68: 4 | AC68: 3 | AN68: 5 | AP68: 3 | AT68: 3 | AX68: 15
A69: 60 | B69: 1DS21ET074 | C69: 2 | D69: 4 | F69: 6 | G69: 6 | H69: 4 | K69: 3 | L69: 2 | O69: 4 | Q69: 4 | R69: 3 | T69: 6 | U69: 3 | AB69: 2 | AX69: 15 | AZ69: 55
A70: 61 | B70: 1DS21ET075 | C70: 6 | D70: 4 | E70: 1 | F70: 6 | G70: 6 | H70: 4 | K70: 4 | P70: 3 | AG70: 4 | AH70: 5 | AI70: 6 | AJ70: 4 | AX70: 14 | AZ70: 47
A71: 62 | B71: 1DS21ET076 | C71: 3 | D71: 4 | F71: 6 | J71: 6 | K71: 1 | L71: 1 | Q71: 2 | T71: 2 | U71: 1 | V71: 1 | W71: 4 | X71: 2 | Y71: 4 | AD71: 1 | AG71: 4 | AH71: 6 | AI71: 6 | AJ71: 4 | AK71: 1 | AU71: 9 | AX71: 15
A72: 63 | B72: 1DS21ET077 | C72: 6 | D72: 4 | F72: 6 | G72: 4 | K72: 2 | L72: 5 | O72: 1 | P72: 6 | T72: 6 | V72: 1 | Z72: 1 | AC72: 7 | AG72: 3 | AH72: 1 | AI72: 5 | AJ72: 4 | AO72: 2 | AP72: 3 | AX72: 14 | AZ72: 76
A73: 64 | B73: 1DS21ET078 | C73: 4 | D73: 4 | F73: 6 | G73: 6 | H73: 4 | K73: 4 | L73: 2 | Q73: 4 | R73: 6 | T73: 4 | U73: 2 | V73: 4 | W73: 4 | X73: 3 | Y73: 3 | AB73: 1 | AC73: 10 | AD73: 10 | AG73: 4 | AH73: 2 | AI73: 2 | AL73: 4 | AU73: 6 | AX73: 14 | AZ73: 68
A74: 65 | B74: 1DS21ET079 | D74: 2 | E74: 1 | G74: 4 | P74: 1 | T74: 6 | U74: 3 | V74: 1 | Z74: 1 | AA74: 3 | AD74: 1 | AG74: 4 | AH74: 4 | AK74: 4 | AX74: 15
A75: 66 | B75: 1DS21ET080 | D75: 4 | F75: 4 | G75: 3 | H75: 4 | J75: 6 | L75: 5 | P75: 6 | Q75: 4 | R75: 6 | S75: 4 | T75: 1 | U75: 5 | V75: 2 | W75: 1 | X75: 4 | AC75: 10 | AD75: 9 | AG75: 5 | AS75: 3 | AT75: 2 | AX75: 13 | AZ75: 48
A76: 67 | B76: 1DS21ET081 | C76: 4 | D76: 4 | E76: 0 | F76: 2 | G76: 6 | H76: 4 | J76: 6 | T76: 6 | U76: 0 | V76: 6 | W76: 2 | X76: 2 | Y76: 2 | AC76: 7 | AD76: 10 | AH76: 2 | AU76: 9 | AX76: 15 | AZ76: 45
A77: 68 | B77: 1DS21ET082 | C77: 4 | D77: 4 | F77: 6 | G77: 5 | H77: 4 | K77: 4 | O77: 4 | P77: 1 | T77: 6 | U77: 4 | V77: 2 | W77: 1 | X77: 4 | AC77: 10 | AD77: 10 | AJ77: 1 | AN77: 5 | AU77: 10 | AX77: 16 | AZ77: NE
A78: 69 | B78: 1DS21ET083 | C78: 2 | D78: 4 | F78: 6 | G78: 6 | H78: 4 | I78: 4 | J78: 6 | K78: 3 | L78: 5 | Q78: 4 | R78: 6 | T78: 4 | U78: 6 | V78: 5 | W78: 5 | X78: 1 | Y78: 4 | AC78: 10 | AD78: 6 | AE78: 10 | AG78: 4 | AH78: 6 | AI78: 5 | AJ78: 4 | AK78: 1 | AL78: 1 | AU78: 10 | AX78: 15 | AZ78: 46
A79: 70 | B79: 1DS21ET084 | C79: 6 | D79: 4 | E79: 1 | F79: 5 | G79: 4 | H79: 6 | K79: 4 | L79: 5 | O79: 3 | P79: 6 | Q79: 6 | R79: 2 | T79: 6 | U79: 4 | V79: 6 | W79: 3 | X79: 5 | Y79: 4 | AB79: 10 | AC79: 10 | AD79: 10 | AG79: 4 | AH79: 6 | AI79: 6 | AJ79: 4 | AK79: 5 | AL79: 2 | AP79: 5 | AU79: 10 | AX79: 14 | AZ79: 52
A80: 71 | B80: 1DS21ET085 | C80: 4 | D80: 4 | E80: 4 | F80: 4 | G80: 6 | H80: 4 | I80: 4 | J80: 4 | O80: 4 | P80: 5 | T80: 6 | U80: 2 | V80: 6 | W80: 4 | X80: 4 | Y80: 2 | AC80: 10 | AD80: 2 | AG80: 2 | AH80: 6 | AI80: 5 | AJ80: 5 | AK80: 1 | AL80: 4 | AN80: 5 | AP80: 5 | AU80: 10 | AX80: 14 | AZ80: 54
A81: 72 | B81: 1DS21ET086 | C81: 2 | D81: 4 | F81: 5 | I81: 4 | J81: 6 | K81: 3 | L81: 1 | Q81: 6 | T81: 5 | V81: 4 | X81: 3 | Y81: 4 | AC81: 6 | AE81: 1 | AG81: 4 | AH81: 6 | AI81: 1 | AO81: 2 | AP81: 5 | AU81: 7 | AX81: 14 | AZ81: 33
A82: 73 | B82: 1DS21ET087 | C82: 6 | D82: 4 | E82: 2 | F82: 6 | G82: 6 | H82: 4 | K82: 5 | L82: 4 | Q82: 4 | R82: 6 | T82: 6 | U82: 4 | V82: 4 | W82: 4 | X82: 6 | Y82: 4 | AC82: 9 | AD82: 7 | AG82: 4 | AH82: 6 | AI82: 6 | AJ82: 4 | AK82: 6 | AL82: 4 | AP82: 5 | AQ82: 3 | AR82: 5 | AU82: 10 | AX82: 14 | AZ82: 47
A83: 74 | B83: 1DS21ET090 | C83: 3 | K83: 4 | L83: 1 | T83: 4 | U83: 6 | V83: 4 | W83: 1 | X83: 6 | Y83: 2 | AX83: 14 | AZ83: 48
A84: 75 | B84: 1DS21ET091 | C84: 2 | D84: 0 | E84: 0 | F84: 4 | Z84: 5 | AA84: 4 | AB84: 10 | AE84: 10 | AG84: 4 | AH84: 4 | AI84: 6 | AJ84: 4 | AM84: 5 | AN84: 5 | AX84: 16 | AZ84: 52
A85: 76 | B85: 1DS21ET092 | C85: 4 | D85: 4 | F85: 6 | J85: 6 | K85: 3 | L85: 5 | Q85: 4 | R85: 6 | T85: 6 | U85: 2 | V85: 2 | W85: 6 | X85: 3 | AC85: 10 | AE85: 3 | AG85: 4 | AH85: 3 | AI85: 5 | AJ85: 4 | AK85: 1 | AL85: 1 | AQ85: 4 | AR85: 1 | AX85: 16 | AZ85: 69
A86: 77 | B86: 1DS21ET093 | C86: 5 | D86: 4 | E86: 6 | F86: 3 | G86: 4 | H86: 6 | K86: 4 | L86: 5 | O86: 3 | P86: 3 | T86: 2 | U86: 4 | V86: 6 | X86: 2 | Y86: 2 | AC86: 10 | AD86: 10 | AG86: 4 | AH86: 3 | AI86: 1 | AJ86: 3 | AM86: 1 | AN86: 3 | AU86: 10 | AX86: 14 | AZ86: 78
A87: 78 | B87: 1DS21ET094 | C87: 1 | D87: 4 | E87: 0 | G87: 6 | H87: 4 | K87: 0 | L87: 5 | O87: 4 | P87: 2 | T87: 6 | Z87: 2 | AA87: 2 | AC87: 10 | AG87: 4 | AI87: 4 | AU87: 10 | AX87: 16 | AZ87: 69
A88: 79 | B88: 1DS21ET095 | C88: 3 | D88: 4 | E88: 0 | F88: 6 | J88: 6 | K88: 2 | L88: 2 | O88: 6 | P88: 1 | T88: 4 | U88: 5 | V88: 3 | W88: 6 | Y88: 5 | AC88: 9 | AG88: 4 | AH88: 6 | AI88: 6 | AJ88: 4 | AK88: 6 | AL88: 4 | AQ88: 4 | AR88: 4 | AS88: 1 | AT88: 3 | AU88: 10 | AX88: 17 | AZ88: 47
A89: 80 | B89: 1DS21ET096 | D89: 4 | E89: 2 | F89: 4 | J89: 6 | K89: 1 | L89: 5 | T89: 5 | U89: 3 | V89: 4 | W89: 4 | AA89: 1 | AC89: 8 | AG89: 4 | AH89: 6 | AI89: 5 | AJ89: 3 | AK89: 6 | AR89: 4 | AT89: 2 | AX89: 14 | AZ89: 72
A90: 81 | B90: 1DS21ET100 | C90: 6 | D90: 4 | F90: 6 | G90: 6 | H90: 4 | K90: 5 | L90: 2 | Q90: 4 | R90: 5 | T90: 6 | U90: 2 | V90: 5 | W90: 4 | X90: 6 | Y90: 4 | AC90: 8 | AD90: 3 | AG90: 4 | AH90: 6 | AI90: 5 | AJ90: 4 | AK90: 2 | AL90: 1 | AO90: 2 | AP90: 4 | AX90: 17
A91: 82 | B91: 1DS21ET101 | C91: 6 | D91: 4 | E91: 2 | F91: 4 | G91: 6 | H91: 4 | K91: 5 | L91: 5 | O91: 4 | P91: 6 | T91: 6 | U91: 4 | V91: 6 | W91: 4 | X91: 5 | Y91: 5 | AC91: 2 | AD91: 8 | AG91: 4 | AH91: 6 | AI91: 5 | AJ91: 5 | AK91: 4 | AS91: 5 | AT91: 5 | AX91: 13
A92: 83 | B92: 1DS21ET102 | C92: 4 | D92: 4 | E92: 1 | F92: 6 | G92: 6 | H92: 4 | K92: 4 | L92: 5 | Q92: 4 | R92: 5 | T92: 4 | U92: 1 | V92: 3 | X92: 6 | Y92: 4 | AC92: 6 | AG92: 3 | AH92: 2 | AI92: 1 | AJ92: 5 | AK92: 1 | AL92: 1 | AO92: 2 | AP92: 5 | AX92: 13 | AZ92: 37
A93: 84 | B93: 1DS21ET103 | C93: 6 | D93: 4 | F93: 6 | G93: 6 | H93: 4 | K93: 5 | L93: 5 | Q93: 4 | R93: 6 | T93: 6 | U93: 4 | V93: 1 | W93: 6 | X93: 4 | AC93: 10 | AG93: 2 | AH93: 4 | AI93: 6 | AJ93: 4 | AK93: 2 | AL93: 4 | AO93: 4 | AP93: 5 | AX93: 15 | AZ93: 42
A94: 85 | B94: 1DS21ET104 | C94: 6 | D94: 4 | E94: 1 | F94: 6 | G94: 6 | H94: 4 | K94: 4 | P94: 3 | AG94: 4 | AH94: 5 | AI94: 6 | AJ94: 4 | AX94: 13 | AZ94: 55
A95: 86 | B95: 1DS21ET105 | C95: 4 | D95: 4 | E95: 2 | T95: 6 | U95: 5 | V95: 4 | AA95: 5 | AE95: 9 | AG95: 5 | AH95: 6 | AI95: 5 | AN95: 4 | AR95: 5 | AS95: 4 | AX95: 16 | AZ95: 66
A96: 87 | B96: 1DS21ET106 | C96: 6 | D96: 4 | E96: 1 | F96: 6 | G96: 6 | H96: 4 | K96: 4 | P96: 3 | AG96: 4 | AH96: 5 | AI96: 6 | AJ96: 4 | AX96: 15 | AZ96: 52
A97: 88 | B97: 1DS21ET107 | D97: 4 | F97: 2 | G97: 2 | H97: 1 | T97: 4 | U97: 5 | AA97: 5 | AB97: 10 | AE97: 10 | AG97: 2 | AH97: 2 | AI97: 6 | AJ97: 4 | AL97: 4 | AX97: 14 | AZ97: 68
A98: 89 | B98: 1DS21ET108 | C98: 6 | D98: 4 | E98: 1 | F98: 6 | G98: 6 | H98: 4 | K98: 4 | P98: 3 | AG98: 4 | AH98: 5 | AI98: 6 | AJ98: 4 | AX98: 13 | AZ98: 53
A99: 90 | B99: 1DS21ET109 | C99: 2 | D99: 4 | E99: 2 | F99: 6 | G99: 5 | H99: 4 | K99: 4 | L99: 2 | O99: 1 | T99: 4 | W99: 1 | Z99: 1 | AC99: 2 | AG99: 4 | AH99: 4 | AI99: 6 | AQ99: 4 | AR99: 2 | AU99: 10 | AX99: 13 | AZ99: 58
A100: 91 | B100: 1DS21ET110 | C100: 3 | D100: 4 | E100: 2 | F100: 5 | G100: 6 | H100: 3 | I100: 5 | J100: 5 | Q100: 2 | T100: 6 | U100: 1 | AA100: 3 | AB100: 1 | AE100: 5 | AG100: 4 | AH100: 2 | AI100: 3 | AJ100: 1 | AU100: 10 | AX100: 13 | AZ100: 69
...

Sheet CES
C1: COURSE END SURVEY (CES)
B3: Course Outcomes : After completion of the course, the graduates will be able to | E3: SCALE | F3: RESPONSES | G3: % | H3: WEIGHTAGE | I3: FINAL
B4: CO1 | C4: Apply the fundamental Python syntax and semantics to solve simple computational problems and interpret the concepts programming in Python. | E4: STRONGLY AGREE | F4: 41 | G4: 58 | I4: =((F4*3)+(F5*2)+(F6*1))/(71*3) -> 0.84976526
B5: CO2 | C5: Analyze the given Python program and debug for syntax and logical errors. | E5: AGREE | F5: 28 | G5: 39
B6: CO3 | C6: Develop programs to solve variety of problem statements by implementing appropriate logic and programming techniques. | E6: DISAGREE | F6: 2 | G6: 3
B7: CO4 | C7: Adapt good software engineering practices and demonstrate programming skills to develop an application. | E7: TOTAL
I9: 85
C12: Process used for Indirect Assessment ( Course End Survey)

Sheet CO-Attainment
B2: CIE CO-Attainment | J2: SEE CO-Attainment
B3: COs | C3: CO1 | D3: CO2 | E3: CO3 | F3: CO4 | J3: Cos | K3: CO1 | L3: CO2 | M3: CO3 | N3: CO4
B4: IA(1+2+3) | C4: ='CIE+SEE'!AX113 -> 68.554383 | D4: ='CIE+SEE'!AX110 -> 65.478052 | E4: ='CIE+SEE'!AX111 -> 65.619159 | F4: ='CIE+SEE'!AX112 -> 76.315789 | J4: SEE CO-Attainment | K4: ='CIE+SEE'!$AZ$106 -> 36.144578 | L4: ='CIE+SEE'!$AZ$106 -> 36.144578 | M4: ='CIE+SEE'!$AZ$106 -> 36.144578 | N4: ='CIE+SEE'!$AZ$106 -> 36.144578
B5: ASSIGNMENT | C5: ='CIE+SEE'!AX106 -> 97.849462 | D5: ='CIE+SEE'!AX106 -> 97.849462 | E5: ='CIE+SEE'!AX106 -> 97.849462 | F5: ='CIE+SEE'!AX106 -> 97.849462
B6: CIE CO-Attainment | C6: =SUM(C4:C5)/COUNTIF(C4:C5,"<>") -> 83.201923 | D6: =SUM(D4:D5)/COUNTIF(D4:D5,"<>") -> 81.663757 | E6: =SUM(E4:E5)/COUNTIF(E4:E5,"<>") -> 81.734311 | F6: =SUM(F4:F5)/COUNTIF(F4:F5,"<>") -> 87.082626
B11: Direct CO-Attainment | J11: In-Direct CO-Attainment
B12: COs | C12: CO1 | D12: CO2 | E12: CO3 | F12: CO4 | J12: COs | K12: CO1 | L12: CO2 | M12: CO3 | N12: CO4
B13: CIE | C13: =C6 -> 83.201923 | D13: =D6 -> 81.663757 | E13: =E6 -> 81.734311 | F13: =F6 -> 87.082626 | J13: CES | K13: 85 | L13: 85 | M13: 85 | N13: 85
B14: SEE | C14: =K4 -> 36.144578 | D14: =L4 -> 36.144578 | E14: =M4 -> 36.144578 | F14: =N4 -> 36.144578
B15: CIE*60% +SEE*40% | C15: =0.6*C13+0.4*C14 -> 64.378985 | D15: =0.6*D13+0.4*D14 -> 63.456086 | E15: =0.6*E13+0.4*E14 -> 63.498418 | F15: =0.6*F13+0.4*F14 -> 66.707407
E19: Final CO-Attainment
E20: COs | F20: CO1 | G20: CO2 | H20: CO3 | I20: CO4
E21: Direct | F21: =C15 -> 64.378985 | G21: =D15 -> 63.456086 | H21: =E15 -> 63.498418 | I21: =F15 -> 66.707407
E22: IN-Direct | F22: =K13 -> 85 | G22: =L13 -> 85 | H22: =M13 -> 85 | I22: =N13 -> 85
E23: Direct*90% + In-Direcr*10% | F23: =(F21*0.9)+(F22*0.1) -> 66.441087 | G23: =(G21*0.9)+(G22*0.1) -> 65.610477 | H23: =(H21*0.9)+(H22*0.1) -> 65.648576 | I23: =(I21*0.9)+(I22*0.1) -> 68.536666

Sheet PO-Attainment (2)
B3: COs | C3: PO1 | D3: PO2 | E3: PO3 | F3: PO4 | G3: PO5 | H3: PO6 | I3: PO7 | J3: PO8 | K3: PO9 | L3: PO10 | M3: PO11 | N3: PSO1 | O3: PSO2 | P3: PSO3 | R3: FINAL CO-ATTAINMENT | S3: LEVEL | T3: %
B4: CO1 | C4: 3 | R4: CO1 | S4: =T4/100*3 -> 1.9854758 | T4: ='[1]CO-Attainment'!F24 -> 66.182527
B5: CO2 | D5: 3 | F5: 2 | R5: CO2 | S5: =T5/100*3 -> 2.0404187 | T5: ='[1]CO-Attainment'!G24 -> 68.013958
B6: CO3 | E6: 3 | F6: 2 | R6: CO3 | S6: =T6/100*3 -> 1.576287 | T6: ='[1]CO-Attainment'!H24 -> 52.542898
B7: CO4 | F7: 2 | G7: 2 | K7: 1 | L7: 1 | O7: 1 | P7: 1 | R7: CO4 | S7: =T7/100*3 -> 2.1332502 | T7: ='[1]CO-Attainment'!I24 -> 71.108339
C9: =IFERROR(((SUMPRODUCT(C4:C7,$T4:$T7)/100)/COUNTIF(C4:C7,"<>")),"-") -> 1.9854758 | D9: =IFERROR(((SUMPRODUCT(D4:D7,$T4:$T7)/100)/COUNTIF(D4:D7,"<>")),"-") -> 2.0404187 | E9: =IFERROR(((SUMPRODUCT(E4:E7,$T4:$T7)/100)/COUNTIF(E4:E7,"<>")),"-") -> 1.576287 | F9: =IFERROR(((SUMPRODUCT(F4:F7,$T4:$T7)/100)/COUNTIF(F4:F7,"<>")),"-") -> 1.277768 | G9: =IFERROR(((SUMPRODUCT(G4:G7,$T4:$T7)/100)/COUNTIF(G4:G7,"<>")),"-") -> 1.4221668 | H9: =IFERROR(((SUMPRODUCT(H4:H7,$T4:$T7)/100)/COUNTIF(H4:H7,"<>")),"-") -> - | I9: =IFERROR(((SUMPRODUCT(I4:I7,$T4:$T7)/100)/COUNTIF(I4:I7,"<>")),"-") -> - | J9: =IFERROR(((SUMPRODUCT(J4:J7,$T4:$T7)/100)/COUNTIF(J4:J7,"<>")),"-") -> - | ... P9: =IFERROR(((SUMPRODUCT(P4:P7,$T4:$T7)/100)/COUNTIF(P4:P7,"<>")),"-") -> 0.71108339
A10: verification | C10: =IFERROR(SUMPRODUCT((C4:C7<>" ")*($T4:$T7)*(C4:C7))/(3*COUNTIF(C4:C7,"<>")),"-") -> 66.182527 | D10: =IFERROR(SUMPRODUCT((D4:D7<>" ")*($T4:$T7)*(D4:D7))/(3*COUNTIF(D4:D7,"<>")),"-") -> 68.013958 | E10: =IFERROR(SUMPRODUCT((E4:E7<>" ")*($T4:$T7)*(E4:E7))/(3*COUNTIF(E4:E7,"<>")),"-") -> 52.542898 | F10: =IFERROR(SUMPRODUCT((F4:F7<>" ")*($T4:$T7)*(F4:F7))/(3*COUNTIF(F4:F7,"<>")),"-") -> 42.592266 | G10: =IFERROR(SUMPRODUCT((G4:G7<>" ")*($T4:$T7)*(G4:G7))/(3*COUNTIF(G4:G7,"<>")),"-") -> 47.40556 | H10: =IFERROR(SUMPRODUCT((H4:H7<>" ")*($T4:$T7)*(H4:H7))/(3*COUNTIF(H4:H7,"<>")),"-") -> - | I10: =IFERROR(SUMPRODUCT((I4:I7<>" ")*($T4:$T7)*(I4:I7))/(3*COUNTIF(I4:I7,"<>")),"-") -> - | J10: =IFERROR(SUMPRODUCT((J4:J7<>" ")*($T4:$T7)*(J4:J7))/(3*COUNTIF(J4:J7,"<>")),"-") -> - | ... P10: =IFERROR(SUMPRODUCT((P4:P7<>" ")*($T4:$T7)*(P4:P7))/(3*COUNTIF(P4:P7,"<>")),"-") -> 23.70278 | S10: \
A12: verification | C12: =C9*100/3 -> 66.182527 | D12: =D9*100/3 -> 68.013958 | E12: =E9*100/3 -> 52.542898 | F12: =F9*100/3 -> 42.592266 | G12: =G9*100/3 -> 47.40556 | H12: =H9*100/3 -> #VALUE! | I12: =I9*100/3 -> #VALUE! | J12: =J9*100/3 -> #VALUE! | ... P12: =P9*100/3 -> 23.70278
B15: Example of PO-Attainment calculation
B16: PO attainment =(C0 Attainment in %) X ( CO-PO mapping level)
B17: PO1= CO2 attainment in % X CO2-PO2 mapping Level
B18: PO1 = 86.67% X 3 =2.6 or 86.66%
B20: PO4 = (CO3X3+CO4X3)/2
A26: FINAL DIRECT PO-ATTAINMENT
B27: PO1 | C27: PO2 | D27: PO3 | E27: PO4 | F27: PO5 | G27: PO6 | H27: PO7 | I27: PO8 | J27: PO9 | K27: PO10 | L27: PO11 | M27: PSO1 | N27: PSO2 | O27: PSO3
A28: CO1 | B28: =C4*(T4/100) -> 1.9854758
A29: CO2 | C29: =D5*(T5/100) -> 2.0404187 | E29: =F5*(T5/100) -> 1.3602792
A30: CO3 | D30: =E6*(T6/100) -> 1.576287 | E30: =F6*(T6/100) -> 1.050858
A31: CO4 | E31: =F7*(T7/100) -> 1.4221668 | F31: =G7*(T7/100) -> 1.4221668 | J31: =K7*(T7/100) -> 0.71108339 | K31: =L7*(T7/100) -> 0.71108339 | N31: =O7*(T7/100) -> 0.71108339 | O31: =P7*(T7/100) -> 0.71108339
A32: Attainment in Levels | B32: =AVERAGE(B28:B31) -> 1.9854758 | C32: =AVERAGE(C28:C31) -> 2.0404187 | D32: =AVERAGE(D28:D31) -> 1.576287 | E32: =AVERAGE(E28:E31) -> 1.277768 | F32: =AVERAGE(F28:F31) -> 1.4221668 | G32: =AVERAGE(G28:G31) -> #DIV/0! | H32: =AVERAGE(H28:H31) -> #DIV/0! | I32: =AVERAGE(I28:I31) -> #DIV/0! | ... O32: =AVERAGE(O28:O31) -> 0.71108339
A33: Attainment in % | B33: =IFERROR(B32*100/3,"-") -> 66.182527 | C33: =IFERROR(C32*100/3,"-") -> 68.013958 | D33: =IFERROR(D32*100/3,"-") -> 52.542898 | E33: =IFERROR(E32*100/3,"-") -> 42.592266 | F33: =IFERROR(F32*100/3,"-") -> 47.40556 | G33: =IFERROR(G32*100/3,"-") -> - | H33: =IFERROR(H32*100/3,"-") -> - | I33: =IFERROR(I32*100/3,"-") -> - | ... O33: =IFERROR(O32*100/3,"-") -> 23.70278
